date,name,code,dailyCases,totCases,dailyDeaths,totDeaths,daily1Vac,daily2Vac,daily3Vac,tot1Vac,tot2Vac,tot3Vac
2021-12-28,United Kingdom,K02000001,129471,12338676,18,148021,,,,,,
2021-12-27,United Kingdom,K02000001,98515,12209991,143,148003,16357,18965,215703,51679435,47289628,32696064
2021-12-26,United Kingdom,K02000001,108893,12112845,3,147860,1935,2084,22983,51663078,47270663,32480361
2021-12-25,United Kingdom,K02000001,113628,12004920,0,147857,955,917,10479,51661143,47268579,32457378
2021-12-24,United Kingdom,K02000001,122186,11891292,137,147857,10492,13563,156412,51660188,47267662,32446899
2021-12-23,United Kingdom,K02000001,119789,11769921,147,147720,32605,44046,605561,51649696,47254099,32290487
2021-12-22,United Kingdom,K02000001,109655,11647473,140,147573,39309,53154,840038,51617091,47210053,31684926
2021-12-21,United Kingdom,K02000001,90629,11542143,172,147433,39955,54085,968665,51577782,47156899,30844888
2021-12-20,United Kingdom,K02000001,91743,11453121,44,147261,39793,50938,897979,51537827,47102814,29876223
2021-12-19,United Kingdom,K02000001,82886,11361387,45,147218,33151,39904,846466,51498034,47051876,28978244
2021-12-18,United Kingdom,K02000001,90418,11279428,125,147173,38329,45898,940606,51464883,47011972,28131778
2021-12-17,United Kingdom,K02000001,93045,11190354,111,147048,32890,42286,852521,51426554,46966074,27191172
2021-12-16,United Kingdom,K02000001,88376,11097851,146,146937,32677,42497,861306,51393664,46923788,26338651
2021-12-15,United Kingdom,K02000001,78610,11010286,165,146791,28067,38794,745183,51360987,46881291,25477345
2021-12-14,United Kingdom,K02000001,59610,10932545,150,146627,34082,37888,656711,51332920,46842497,24732162
2021-12-13,United Kingdom,K02000001,54661,10873468,38,146477,19671,29407,513722,51298838,46804609,24075451
2021-12-12,United Kingdom,K02000001,48854,10819515,52,146439,23317,30195,397532,51279167,46775202,23561729
2021-12-11,United Kingdom,K02000001,54073,10771444,132,146387,26291,38984,550253,51255850,46745007,23164197
2021-12-10,United Kingdom,K02000001,58194,10719165,120,146255,22063,31962,428961,51229559,46706023,22613944
2021-12-09,United Kingdom,K02000001,50867,10660981,148,146135,24039,33824,469479,51207496,46674061,22184983
2021-12-08,United Kingdom,K02000001,51342,10610958,161,145987,21700,29437,414645,51183457,46640237,21715504
2021-12-07,United Kingdom,K02000001,45691,10560341,180,145826,23512,28375,391050,51161757,46610800,21300859
2021-12-06,United Kingdom,K02000001,51459,10515239,41,145646,19979,25012,329165,51138245,46582425,20909809
2021-12-05,United Kingdom,K02000001,43992,10464389,54,145605,21955,27166,290165,51118266,46557413,20580644
2021-12-04,United Kingdom,K02000001,42848,10421104,127,145551,26914,37798,464616,51096311,46530247,20290479
2021-12-03,United Kingdom,K02000001,50584,10379647,143,145424,23264,29811,388978,51069397,46492449,19825863
2021-12-02,United Kingdom,K02000001,53945,10329074,141,145281,25848,30976,420910,51046133,46462638,19436885
2021-12-01,United Kingdom,K02000001,48374,10276007,171,145140,26028,32356,407851,51020285,46431662,19015975
2021-11-30,United Kingdom,K02000001,39716,10228772,159,144969,30539,32157,392589,50994257,46399306,18608124
2021-11-29,United Kingdom,K02000001,42583,10189059,35,144810,22391,26092,318671,50963718,46367149,18215535
2021-11-28,United Kingdom,K02000001,37681,10146915,51,144775,21493,29445,285335,50941327,46341057,17896864
2021-11-27,United Kingdom,K02000001,39567,10110408,131,144724,23808,32866,465111,50919834,46311612,17611529
2021-11-26,United Kingdom,K02000001,50091,10070841,160,144593,20314,23665,366762,50896026,46278746,17146418
2021-11-25,United Kingdom,K02000001,47240,10021497,147,144433,23579,22823,396081,50875712,46255081,16779656
2021-11-24,United Kingdom,K02000001,43676,9974843,149,144286,24579,23439,378946,50852133,46232258,16383575
2021-11-23,United Kingdom,K02000001,42484,9932408,165,144137,26822,22002,365152,50827554,46208819,16004629
2021-11-22,United Kingdom,K02000001,44917,9889926,45,143972,23258,18517,308166,50800732,46186817,15639477
2021-11-21,United Kingdom,K02000001,40004,9845492,61,143927,16424,13892,237995,50777474,46168300,15331311
2021-11-20,United Kingdom,K02000001,40941,9806034,150,143866,26013,24193,463064,50761050,46154408,15093316
2021-11-19,United Kingdom,K02000001,44242,9766153,157,143716,27084,21607,363884,50735037,46130215,14630252
2021-11-18,United Kingdom,K02000001,46807,9721916,199,143559,28880,20650,387057,50707953,46108608,14266368
2021-11-17,United Kingdom,K02000001,38263,9675058,201,143360,33092,22120,384421,50679073,46087958,13879311
2021-11-16,United Kingdom,K02000001,37243,9637190,214,143159,31431,19874,347557,50645981,46065838,13494890
2021-11-15,United Kingdom,K02000001,39705,9600369,47,142945,32046,18055,286582,50614550,46045964,13147333
2021-11-14,United Kingdom,K02000001,36517,9561099,63,142898,22938,17048,217349,50582504,46027909,12860751
2021-11-13,United Kingdom,K02000001,38351,9524971,157,142835,33527,24325,461985,50559566,46010861,12643402
2021-11-12,United Kingdom,K02000001,40375,9487302,145,142678,34338,22048,357774,50526039,45986536,12181417
2021-11-11,United Kingdom,K02000001,42408,9448402,195,142533,36383,22485,370989,50491701,45964488,11823643
2021-11-10,United Kingdom,K02000001,39329,9406001,214,142338,119188,47766,532238,50455318,45942003,11452654
2021-11-09,United Kingdom,K02000001,33117,9366676,262,142124,39836,21199,340294,50336130,45894237,10920416
2021-11-08,United Kingdom,K02000001,32322,9333891,57,141862,33559,20361,277578,50296294,45873038,10580122
2021-11-07,United Kingdom,K02000001,30305,9301909,62,141805,25840,14610,209885,50262735,45852677,10302544
2021-11-06,United Kingdom,K02000001,30693,9272066,155,141743,36748,24500,422882,50236895,45838067,10092659
2021-11-05,United Kingdom,K02000001,34029,9241916,193,141588,43491,22633,322703,50200147,45813567,9669777
2021-11-04,United Kingdom,K02000001,37269,9208219,214,141395,43731,20482,334398,50156656,45790934,9347074
2021-11-03,United Kingdom,K02000001,41299,9171660,217,141181,41242,17965,359834,50112925,45770452,9012676
2021-11-02,United Kingdom,K02000001,33865,9130857,293,140964,46663,20922,296670,50071683,45752487,8652842
2021-11-01,United Kingdom,K02000001,40077,9097311,40,140672,37695,19214,240943,50025020,45731565,8356172
2021-10-31,United Kingdom,K02000001,38009,9057629,74,140632,27402,13449,163949,49987325,45712351,8115229
2021-10-30,United Kingdom,K02000001,41278,9019962,166,140558,36052,25401,372414,49959923,45698902,7951280
2021-10-29,United Kingdom,K02000001,43467,8979236,186,140392,40967,22279,285228,49923871,45673501,7578866
2021-10-28,United Kingdom,K02000001,39842,8936155,165,140206,44702,23723,297656,49882904,45651222,7293638
2021-10-27,United Kingdom,K02000001,43941,8897149,207,140041,44082,21577,289514,49838202,45627499,6995982
2021-10-26,United Kingdom,K02000001,40954,8853227,263,139834,41083,23031,264468,49794120,45605922,6706468
2021-10-25,United Kingdom,K02000001,36567,8809774,38,139571,37809,21446,244992,49753037,45582891,6442000
2021-10-24,United Kingdom,K02000001,39962,8773674,72,139533,25747,18082,170505,49715228,45561445,6197008
2021-10-23,United Kingdom,K02000001,44985,8734934,135,139461,40092,30243,370429,49689481,45543363,6026503
2021-10-22,United Kingdom,K02000001,49298,8689949,180,139326,46250,26170,298685,49649389,45513120,5656074
2021-10-21,United Kingdom,K02000001,52009,8641221,115,139146,48732,26828,289601,49603139,45486950,5357389
2021-10-20,United Kingdom,K02000001,49139,8589737,179,139031,49080,26365,257094,49554407,45460122,4745197
2021-10-19,United Kingdom,K02000001,43738,8541192,223,138852,42902,32767,232075,49505327,45433757,4488103
2021-10-18,United Kingdom,K02000001,49156,8497868,45,138629,39672,23579,178205,49462425,45400990,4256028
2021-10-17,United Kingdom,K02000001,45140,8449165,57,138584,17837,17265,118032,49422753,45377411,4077823
2021-10-16,United Kingdom,K02000001,43423,8404469,148,138527,28999,33483,306200,49404916,45360146,3959791
2021-10-15,United Kingdom,K02000001,44932,8361651,145,138379,40763,29432,220888,49375917,45326663,3653591
2021-10-14,United Kingdom,K02000001,45066,8317439,157,138237,43489,27991,239017,49335154,45297231,3432703
2021-10-13,United Kingdom,K02000001,42776,8272883,136,138080,38726,29481,192497,49291665,45269240,3193686
2021-10-12,United Kingdom,K02000001,38520,8231437,181,137944,36847,26946,163318,49252939,45239759,2731863
2021-10-11,United Kingdom,K02000001,40224,8193769,28,137763,29172,23632,124536,49216092,45212813,2568545
2021-10-10,United Kingdom,K02000001,34574,8154306,38,137735,22106,19451,93476,49186920,45189181,2444009
2021-10-09,United Kingdom,K02000001,34950,8120713,133,137697,31395,33477,250809,49164814,45169730,2350533
2021-10-08,United Kingdom,K02000001,41765,8087005,150,137564,31685,29068,173928,49133419,45136253,2099724
2021-10-07,United Kingdom,K02000001,40701,8046390,122,137417,33029,28656,177629,49101734,45107185,1925796
2021-10-06,United Kingdom,K02000001,39851,8006660,143,137295,32828,28576,162097,49068705,45078529,1748167
2021-10-05,United Kingdom,K02000001,33869,7967985,166,137152,41347,28572,156100,49035877,45049953,1586070
2021-10-04,United Kingdom,K02000001,35077,7934936,33,136986,37671,29337,123877,48994530,45021381,1429970
2021-10-03,United Kingdom,K02000001,30439,7900680,43,136953,24123,21532,89518,48956859,44992044,1306093
2021-10-02,United Kingdom,K02000001,30301,7871014,121,136910,31066,34391,194461,48932736,44970512,1216575
2021-10-01,United Kingdom,K02000001,35577,7841625,127,136789,38180,34289,153912,48901670,44936121,1022114
2021-09-30,United Kingdom,K02000001,36480,7807036,137,136662,34372,34459,,48863490,44901832,868202
2021-09-29,United Kingdom,K02000001,36722,7771294,150,136525,31539,34093,,48829118,44867373,
2021-09-28,United Kingdom,K02000001,34526,7736235,167,136375,31853,33532,,48797579,44833280,
2021-09-27,United Kingdom,K02000001,37960,7701715,40,136208,24919,33177,,48765726,44799748,
2021-09-26,United Kingdom,K02000001,32417,7664230,58,136168,15984,25539,,48740807,44766571,
2021-09-25,United Kingdom,K02000001,32468,7632353,127,136110,24296,47118,,48724823,44741032,
2021-09-24,United Kingdom,K02000001,35623,7601487,180,135983,27617,44759,,48700527,44693914,
2021-09-23,United Kingdom,K02000001,36710,7565867,182,135803,25083,44588,,48672910,44649155,
2021-09-22,United Kingdom,K02000001,34460,7530103,166,135621,22679,44047,,48647827,44604567,
2021-09-21,United Kingdom,K02000001,31564,7496543,203,135455,20384,43406,,48625148,44560520,
2021-09-20,United Kingdom,K02000001,36100,7465448,49,135252,20150,46342,,48604764,44517114,
2021-09-19,United Kingdom,K02000001,29612,7429746,56,135203,13840,35157,,48584614,44470772,
2021-09-18,United Kingdom,K02000001,30144,7400739,164,135147,26198,72497,,48570774,44435615,
2021-09-17,United Kingdom,K02000001,32651,7371301,178,134983,20778,60384,,48544576,44363118,
2021-09-16,United Kingdom,K02000001,26911,7339009,158,134805,23051,63973,,48523798,44302734,
2021-09-15,United Kingdom,K02000001,30597,7312683,201,134647,24402,63290,,48500747,44238761,
2021-09-14,United Kingdom,K02000001,26628,7282810,185,134446,17645,66725,,48476345,44175471,
2021-09-13,United Kingdom,K02000001,30825,7256559,61,134261,19428,60653,,48458700,44108746,
2021-09-12,United Kingdom,K02000001,29173,7226276,56,134200,14955,52615,,48439272,44048093,
2021-09-11,United Kingdom,K02000001,29547,7197662,156,134144,27913,98059,,48424317,43995478,
2021-09-10,United Kingdom,K02000001,37622,7168806,147,133988,26064,91811,,48396404,43897419,
2021-09-09,United Kingdom,K02000001,38013,7132072,167,133841,25774,96702,,48370340,43805608,
2021-09-08,United Kingdom,K02000001,38975,7094592,191,133674,25131,87960,,48344566,43708906,
2021-09-07,United Kingdom,K02000001,37489,7056106,209,133483,26624,85848,,48319435,43620946,
2021-09-06,United Kingdom,K02000001,41192,7018927,45,133274,22698,80015,,48292811,43535098,
2021-09-05,United Kingdom,K02000001,37011,6978126,68,133229,21795,73193,,48270113,43455083,
2021-09-04,United Kingdom,K02000001,37578,6941611,120,133161,41054,128553,,48248318,43381890,
2021-09-03,United Kingdom,K02000001,42076,6904969,121,133041,35266,110590,,48207264,43253337,
2021-09-02,United Kingdom,K02000001,38154,6862904,178,132920,40002,119375,,48171998,43142747,
2021-09-01,United Kingdom,K02000001,35693,6825074,207,132742,44088,113385,,48131996,43023372,
2021-08-31,United Kingdom,K02000001,32181,6789581,50,132535,39899,119402,,48087908,42909987,
2021-08-30,United Kingdom,K02000001,26476,6757650,48,132485,19643,66648,,48048009,42790585,
2021-08-29,United Kingdom,K02000001,33196,6731423,61,132437,24390,79440,,48028366,42723937,
2021-08-28,United Kingdom,K02000001,32406,6698486,133,132376,43271,133688,,48003976,42644497,
2021-08-27,United Kingdom,K02000001,38046,6666399,100,132243,44937,131456,,47960705,42510809,
2021-08-26,United Kingdom,K02000001,38281,6628709,140,132143,55140,144936,,47915768,42379353,
2021-08-25,United Kingdom,K02000001,35847,6590747,149,132003,68076,161705,,47860628,42234417,
2021-08-24,United Kingdom,K02000001,30838,6555200,174,131854,55410,130676,,47792552,42072712,
2021-08-23,United Kingdom,K02000001,31914,6524581,40,131680,46401,131283,,47737142,41942036,
2021-08-22,United Kingdom,K02000001,32253,6492906,49,131640,40345,116352,,47690741,41810753,
2021-08-21,United Kingdom,K02000001,32058,6460930,104,131591,73006,194881,,47650396,41694401,
2021-08-20,United Kingdom,K02000001,37314,6429147,114,131487,60885,167392,,47577390,41499520,
2021-08-19,United Kingdom,K02000001,36572,6392160,113,131373,55979,175059,,47516505,41332128,
2021-08-18,United Kingdom,K02000001,33904,6355887,111,131260,47284,169223,,47460526,41157069,
2021-08-17,United Kingdom,K02000001,26852,6322241,170,131149,43824,145875,,47413242,40987846,
2021-08-16,United Kingdom,K02000001,28438,6295613,26,130979,35716,138390,,47369418,40841971,
2021-08-15,United Kingdom,K02000001,26750,6267437,61,130953,31257,126383,,47333702,40703581,
2021-08-14,United Kingdom,K02000001,29520,6241011,93,130894,46603,199584,,47302445,40577198,
2021-08-13,United Kingdom,K02000001,32700,6211868,100,130801,40490,171585,,47255842,40377614,
2021-08-12,United Kingdom,K02000001,33074,6179506,94,130701,44384,192559,,47215352,40206029,
2021-08-11,United Kingdom,K02000001,29612,6146800,104,130607,41568,173761,,47170968,40013470,
2021-08-10,United Kingdom,K02000001,23510,6117540,146,130503,37511,151143,,47129400,39839709,
2021-08-09,United Kingdom,K02000001,25161,6094243,37,130357,32250,137028,,47091889,39688566,
2021-08-08,United Kingdom,K02000001,27429,6069362,39,130320,22843,122070,,47059639,39551538,
2021-08-07,United Kingdom,K02000001,28612,6042252,103,130281,37990,213583,,47036796,39429468,
2021-08-06,United Kingdom,K02000001,31808,6014023,92,130178,36976,168356,,46998806,39215885,
2021-08-05,United Kingdom,K02000001,30215,5982581,86,130086,35500,172692,,46961830,39047529,
2021-08-04,United Kingdom,K02000001,29312,5952756,119,130000,33334,165669,,46926330,38874837,
2021-08-03,United Kingdom,K02000001,21691,5923820,138,129881,29290,142761,,46892996,38709168,
2021-08-02,United Kingdom,K02000001,21952,5902354,24,129743,26092,126192,,46863706,38566407,
2021-08-01,United Kingdom,K02000001,24470,5880667,65,129719,21232,118044,,46837614,38440215,
2021-07-31,United Kingdom,K02000001,26144,5856528,71,129654,38826,212014,,46816382,38322171,
2021-07-30,United Kingdom,K02000001,29622,5830774,68,129583,36724,171096,,46777556,38110157,
2021-07-29,United Kingdom,K02000001,31117,5801561,85,129515,42353,179918,,46740832,37939061,
2021-07-28,United Kingdom,K02000001,27734,5770928,91,129430,43847,171173,,46698479,37759143,
2021-07-27,United Kingdom,K02000001,23511,5745526,131,129303,35402,151650,,46654632,37587970,
2021-07-26,United Kingdom,K02000001,24950,5722298,14,129172,30019,148936,,46619230,37436320,
2021-07-25,United Kingdom,K02000001,29173,5697912,28,129158,24551,117956,,46589211,37287384,
2021-07-24,United Kingdom,K02000001,31795,5669260,86,129130,43805,203886,,46564660,37169428,
2021-07-23,United Kingdom,K02000001,36389,5637975,64,129044,42974,189341,,46520855,36965542,
2021-07-22,United Kingdom,K02000001,39906,5602321,84,128980,44036,188297,,46477881,36776201,
2021-07-21,United Kingdom,K02000001,44104,5563006,73,128896,45101,183338,,46433845,36587904,
2021-07-20,United Kingdom,K02000001,46558,5519602,96,128823,39035,161279,,46388744,36404566,
2021-07-19,United Kingdom,K02000001,39950,5473477,19,128727,35670,143560,,46349709,36243287,
2021-07-18,United Kingdom,K02000001,48161,5433939,25,128708,18186,128878,,46314039,36099727,
2021-07-17,United Kingdom,K02000001,54674,5386340,41,128683,67217,225214,,46295853,35970849,
2021-07-16,United Kingdom,K02000001,51870,5332371,49,128642,69491,202314,,46228636,35745635,
2021-07-15,United Kingdom,K02000001,48553,5281098,63,128593,61681,201893,,46159145,35543321,
2021-07-14,United Kingdom,K02000001,42302,5233207,49,128530,60374,185661,,46097464,35341428,
2021-07-13,United Kingdom,K02000001,36660,5191459,50,128481,59073,158276,,46037090,35155767,
2021-07-12,United Kingdom,K02000001,34471,5155243,6,128431,54296,125360,,45978017,34997491,
2021-07-11,United Kingdom,K02000001,31772,5121245,26,128425,42000,107620,,45923721,34872131,
2021-07-10,United Kingdom,K02000001,32367,5089893,34,128399,93763,211446,,45881721,34764511,
2021-07-09,United Kingdom,K02000001,35707,5058093,29,128365,90083,178819,,45787958,34553065,
2021-07-08,United Kingdom,K02000001,32551,5022893,35,128336,96430,175467,,45697875,34374246,
2021-07-07,United Kingdom,K02000001,32548,4990916,33,128301,86953,171477,,45601445,34198779,
2021-07-06,United Kingdom,K02000001,28773,4958868,37,128268,85811,153126,,45514492,34027302,
2021-07-05,United Kingdom,K02000001,27334,4930534,9,128231,76962,147814,,45428681,33874176,
2021-07-04,United Kingdom,K02000001,24248,4903434,15,128222,77222,111410,,45351719,33726362,
2021-07-03,United Kingdom,K02000001,24885,4879616,18,128207,137389,196209,,45274497,33614952,
2021-07-02,United Kingdom,K02000001,27125,4855169,27,128189,123605,177478,,45137108,33418743,
2021-07-01,United Kingdom,K02000001,27989,4828463,22,128162,152525,193066,,45013503,33241265,
2021-06-30,United Kingdom,K02000001,26068,4800907,14,128140,141216,175749,,44860978,33048199,
2021-06-29,United Kingdom,K02000001,20479,4775301,23,128126,137991,150688,,44719762,32872450,
2021-06-28,United Kingdom,K02000001,22868,4755078,3,128103,127260,138016,,44581771,32721762,
2021-06-27,United Kingdom,K02000001,14876,4732434,11,128100,139712,123555,,44454511,32583746,
2021-06-26,United Kingdom,K02000001,18270,4717811,23,128089,234441,199505,,44314799,32460191,
2021-06-25,United Kingdom,K02000001,15810,4699868,18,128066,202497,174770,,44080358,32260686,
2021-06-24,United Kingdom,K02000001,16703,4684572,21,128048,221534,177813,,43877861,32085916,
2021-06-23,United Kingdom,K02000001,16135,4667870,19,128027,207647,167988,,43656327,31908103,
2021-06-22,United Kingdom,K02000001,11625,4651988,27,128008,299837,250875,,43448680,31740115,
2021-06-21,United Kingdom,K02000001,10633,4640507,5,127981,21080,39325,,43148843,31489240,
2021-06-20,United Kingdom,K02000001,9284,4630040,6,127976,163750,109408,,43127763,31449915,
2021-06-19,United Kingdom,K02000001,10321,4620968,14,127970,280241,236363,,42964013,31340507,
2021-06-18,United Kingdom,K02000001,10476,4610893,11,127956,223140,205677,,42683772,31104144,
2021-06-17,United Kingdom,K02000001,11007,4600623,19,127945,243978,223260,,42460632,30898467,
2021-06-16,United Kingdom,K02000001,9055,4589814,9,127926,195565,234834,,42216654,30675207,
2021-06-15,United Kingdom,K02000001,7673,4581006,10,127917,190033,230666,,42021089,30440373,
2021-06-14,United Kingdom,K02000001,7742,4573419,3,127907,132627,235928,,41831056,30209707,
2021-06-13,United Kingdom,K02000001,7490,4565813,8,127904,147228,181121,,41698429,29973779,
2021-06-12,United Kingdom,K02000001,7738,4558494,12,127896,254185,320326,,41551201,29792658,
2021-06-11,United Kingdom,K02000001,8125,4550944,17,127884,208531,307192,,41297016,29472332,
2021-06-10,United Kingdom,K02000001,7393,4542986,7,127867,201607,308038,,41088485,29165140,
2021-06-09,United Kingdom,K02000001,7540,4535754,6,127860,176559,316258,,40886878,28857102,
2021-06-08,United Kingdom,K02000001,6048,4528442,13,127854,136802,313482,,40710319,28540844,
2021-06-07,United Kingdom,K02000001,5683,4522476,1,127841,112941,306068,,40573517,28227362,
2021-06-06,United Kingdom,K02000001,5341,4516892,4,127840,127345,259941,,40460576,27921294,
2021-06-05,United Kingdom,K02000001,5765,4511669,13,127836,203613,473378,,40333231,27661353,
2021-06-04,United Kingdom,K02000001,6238,4506018,11,127823,179924,388031,,40129618,27187975,
2021-06-03,United Kingdom,K02000001,5274,4499878,18,127812,191266,377641,,39949694,26799944,
2021-06-02,United Kingdom,K02000001,4330,4494699,12,127794,172763,349019,,39758428,26422303,
2021-06-01,United Kingdom,K02000001,3165,4490438,0,127782,108507,338565,,39585665,26073284,
2021-05-31,United Kingdom,K02000001,3383,4487339,1,127782,93103,195546,,39477158,25734719,
2021-05-30,United Kingdom,K02000001,3240,4484056,6,127781,124887,206322,,39384055,25539173,
2021-05-29,United Kingdom,K02000001,3398,4480945,7,127775,183526,418848,,39259168,25332851,
2021-05-28,United Kingdom,K02000001,4182,4477705,10,127768,204442,435951,,39075642,24914003,
2021-05-27,United Kingdom,K02000001,3542,4473677,10,127758,256517,434096,,38871200,24478052,
2021-05-26,United Kingdom,K02000001,3180,4470297,9,127748,236119,427458,,38614683,24043956,
2021-05-25,United Kingdom,K02000001,2493,4467310,15,127739,186147,387987,,38378564,23616498,
2021-05-24,United Kingdom,K02000001,2439,4464900,3,127724,122379,332955,,38192417,23228511,
2021-05-23,United Kingdom,K02000001,2235,4462538,5,127721,126357,252139,,38070038,22895556,
2021-05-22,United Kingdom,K02000001,2694,4460446,6,127716,205410,556951,,37943681,22643417,
2021-05-21,United Kingdom,K02000001,2829,4457923,9,127710,219657,426683,,37738271,22086466,
2021-05-20,United Kingdom,K02000001,2874,4455221,7,127701,268251,420312,,37518614,21659783,
2021-05-19,United Kingdom,K02000001,2696,4452527,3,127694,264858,369018,,37250363,21239471,
2021-05-18,United Kingdom,K02000001,2412,4450392,7,127691,174100,324001,,36985505,20870453,
2021-05-17,United Kingdom,K02000001,1979,4452756,5,127684,106733,259049,,36811405,20546452,
2021-05-16,United Kingdom,K02000001,1926,4450777,4,127679,131318,183745,,36704672,20287403,
2021-05-15,United Kingdom,K02000001,2027,4448851,7,127675,237331,391246,,36573354,20103658,
2021-05-14,United Kingdom,K02000001,2193,4446824,17,127668,220068,393402,,36336023,19712412,
2021-05-13,United Kingdom,K02000001,2657,4444631,11,127651,209284,428041,,36115955,19319010,
2021-05-12,United Kingdom,K02000001,2284,4441975,11,127640,184210,452437,,35906671,18890969,
2021-05-11,United Kingdom,K02000001,2474,4439691,20,127629,135113,350147,,35722461,18438532,
2021-05-10,United Kingdom,K02000001,2357,4437217,4,127609,115053,231835,,35587348,18088385,
2021-05-09,United Kingdom,K02000001,1770,4434860,2,127605,100626,187171,,35472295,17856550,
2021-05-08,United Kingdom,K02000001,2047,4433090,5,127603,169027,438837,,35371669,17669379,
2021-05-07,United Kingdom,K02000001,2490,4431043,15,127598,133001,465822,,35202642,17230542,
2021-05-06,United Kingdom,K02000001,2613,4428553,13,127583,135470,473001,,35069641,16764720,
2021-05-05,United Kingdom,K02000001,2144,4425940,27,127570,139097,404226,,34934171,16291719,
2021-05-04,United Kingdom,K02000001,1946,4423796,4,127543,127170,257486,,34795074,15887493,
2021-05-03,United Kingdom,K02000001,1649,4421850,1,127539,72600,127499,,34667904,15630007,
2021-05-02,United Kingdom,K02000001,1671,4420201,14,127538,89924,172891,,34595304,15502508,
2021-05-01,United Kingdom,K02000001,1907,4418530,7,127524,143175,372304,,34505380,15329617,
2021-04-30,United Kingdom,K02000001,2381,4416623,15,127517,145589,421785,,34362205,14957313,
2021-04-29,United Kingdom,K02000001,2445,4414242,22,127502,122568,491567,,34216616,14535528,
2021-04-28,United Kingdom,K02000001,2166,4411797,29,127480,134140,462885,,34094048,14043961,
2021-04-27,United Kingdom,K02000001,2685,4409631,17,127451,116328,379265,,33959908,13581076,
2021-04-26,United Kingdom,K02000001,2064,4406946,6,127434,90695,304688,,33843580,13201811,
2021-04-25,United Kingdom,K02000001,1712,4404882,11,127428,79695,260801,,33752885,12897123,
2021-04-24,United Kingdom,K02000001,2061,4403170,32,127417,148767,547636,,33673190,12636322,
2021-04-23,United Kingdom,K02000001,2678,4401109,40,127385,135786,465015,,33524423,12088686,
2021-04-22,United Kingdom,K02000001,2729,4398431,18,127345,130986,431070,,33388637,11623671,
2021-04-21,United Kingdom,K02000001,2396,4395703,22,127327,117909,416784,,33257651,11192601,
2021-04-20,United Kingdom,K02000001,2524,4393307,33,127307,107622,350027,,33139742,10775817,
2021-04-19,United Kingdom,K02000001,2963,4390783,4,127274,99672,273751,,33032120,10425790,
2021-04-18,United Kingdom,K02000001,1882,4387820,10,127270,83225,221193,,32932448,10152039,
2021-04-17,United Kingdom,K02000001,2206,4385938,35,127260,139445,499635,,32849223,9930846,
2021-04-16,United Kingdom,K02000001,2596,4383732,34,127225,135557,499664,,32709778,9431211,
2021-04-15,United Kingdom,K02000001,2672,4380976,30,127191,129782,417683,,32574221,8931547,
2021-04-14,United Kingdom,K02000001,2491,4378305,38,127161,117835,343783,,32444439,8513864,
2021-04-13,United Kingdom,K02000001,2472,4375814,23,127123,76123,312685,,32326604,8170081,
2021-04-12,United Kingdom,K02000001,3568,4373343,13,127100,59905,201191,,32250481,7857396,
2021-04-11,United Kingdom,K02000001,1730,4369775,7,127087,69223,189665,,32190576,7656205,
2021-04-10,United Kingdom,K02000001,2589,4368045,40,127080,111109,475230,,32121353,7466540,
2021-04-09,United Kingdom,K02000001,3150,4365461,60,127040,106878,450136,,32010244,6991310,
2021-04-08,United Kingdom,K02000001,3030,4370321,53,126980,96242,449269,,31903366,6541174,
2021-04-07,United Kingdom,K02000001,2763,4367291,45,126927,99530,408396,,31807124,6091905,
2021-04-06,United Kingdom,K02000001,2379,4364529,20,126882,85227,186793,,31707594,5683509,
2021-04-05,United Kingdom,K02000001,2762,4362150,26,126862,40744,64590,,31622367,5496716,
2021-04-04,United Kingdom,K02000001,2297,4359388,10,126836,48055,47708,,31581623,5432126,
2021-04-03,United Kingdom,K02000001,3423,4357091,10,126826,107886,178913,,31533568,5384418,
2021-04-02,United Kingdom,K02000001,3402,4353668,52,126816,107420,246631,,31425682,5205505,
2021-04-01,United Kingdom,K02000001,4479,4350266,51,126764,170818,445416,,31318262,4958874,
2021-03-31,United Kingdom,K02000001,4052,4345788,43,126713,239434,387574,,31147444,4513458,
2021-03-30,United Kingdom,K02000001,4040,4341736,56,126670,225917,277682,,30908010,4125884,
2021-03-29,United Kingdom,K02000001,4654,4337696,23,126615,236809,168230,,30682093,3848202,
2021-03-28,United Kingdom,K02000001,3862,4333042,19,126592,293548,147594,,30445284,3679972,
2021-03-27,United Kingdom,K02000001,4715,4329180,58,126573,424301,238861,,30151736,3532378,
2021-03-26,United Kingdom,K02000001,6187,4325315,70,126515,411305,283654,,29727435,3293517,
2021-03-25,United Kingdom,K02000001,6397,4319128,63,126445,324942,234382,,29316130,3009863,
2021-03-24,United Kingdom,K02000001,5605,4312908,98,126382,337665,242642,,28991188,2775481,
2021-03-23,United Kingdom,K02000001,5379,4307304,112,126284,325650,169155,,28653523,2532839,
2021-03-22,United Kingdom,K02000001,5342,4301925,17,126172,329897,82300,,28327873,2363684,
2021-03-21,United Kingdom,K02000001,5312,4296583,33,126155,367006,52612,,27997976,2281384,
2021-03-20,United Kingdom,K02000001,5587,4291271,96,126122,752308,91977,,27630970,2228772,
2021-03-19,United Kingdom,K02000001,4802,4285684,101,126026,614930,125725,,26878662,2136795,
2021-03-18,United Kingdom,K02000001,6303,4280882,95,125926,528260,132016,,26263732,2011070,
2021-03-17,United Kingdom,K02000001,5758,4274579,141,125831,462246,119609,,25735472,1879054,
2021-03-16,United Kingdom,K02000001,5294,4268821,110,125690,433320,95799,,25273226,1759445,
2021-03-15,United Kingdom,K02000001,5089,4263527,64,125580,386685,53366,,24839906,1663646,
2021-03-14,United Kingdom,K02000001,4618,4258438,52,125516,257010,25371,,24453221,1610280,
2021-03-13,United Kingdom,K02000001,5534,4253820,121,125464,512108,52155,,24196211,1584909,
2021-03-12,United Kingdom,K02000001,6609,4248286,175,125343,369578,87676,,23684103,1532754,
2021-03-11,United Kingdom,K02000001,6753,4241677,181,125168,260809,93563,,23314525,1445078,
2021-03-10,United Kingdom,K02000001,5926,4234924,190,124987,243887,97162,,23053716,1351515,
2021-03-09,United Kingdom,K02000001,5766,4228998,231,124797,217301,72922,,22809829,1254353,
2021-03-08,United Kingdom,K02000001,4712,4223232,65,124566,215273,38788,,22592528,1181431,
2021-03-07,United Kingdom,K02000001,5177,4218520,82,124501,164143,20241,,22377255,1142643,
2021-03-06,United Kingdom,K02000001,6040,4213343,158,124419,416834,31562,,22213112,1122402,
2021-03-05,United Kingdom,K02000001,5947,4207304,236,124261,437463,56772,,21796278,1090840,
2021-03-04,United Kingdom,K02000001,6573,4201358,242,124025,376244,70206,,21358815,1034068,
2021-03-03,United Kingdom,K02000001,6385,4194785,315,123783,278956,68450,,20982571,963862,
2021-03-02,United Kingdom,K02000001,6391,4188400,343,123296,224996,51314,,20703615,895412,
2021-03-01,United Kingdom,K02000001,5455,4182009,104,122953,203168,28282,,20478619,844098,
2021-02-28,United Kingdom,K02000001,6035,4176554,144,122849,185900,19684,,20275451,815816,
2021-02-27,United Kingdom,K02000001,7434,4170519,290,122705,407503,27322,,20089551,796132,
2021-02-26,United Kingdom,K02000001,8523,4163085,345,122415,504493,32773,,19682048,768810,
2021-02-25,United Kingdom,K02000001,9985,4154562,323,122070,485720,35319,,19177555,736037,
2021-02-24,United Kingdom,K02000001,9938,4144577,442,121747,448962,31613,,18691835,700718,
2021-02-23,United Kingdom,K02000001,8489,4134639,548,121305,326692,26317,,18242873,669105,
2021-02-22,United Kingdom,K02000001,10641,4126150,178,120757,192341,18463,,17916181,642788,
2021-02-21,United Kingdom,K02000001,9834,4115509,215,120580,141719,9177,,17723840,624325,
2021-02-20,United Kingdom,K02000001,10406,4105675,445,120365,334679,10263,,17582121,615148,
2021-02-19,United Kingdom,K02000001,12027,4095269,533,119920,371906,15294,,17247442,604885,
2021-02-18,United Kingdom,K02000001,12057,4083242,454,119387,452454,15867,,16875536,589591,
2021-02-17,United Kingdom,K02000001,12718,4071185,738,118933,482110,15147,,16423082,573724,
2021-02-16,United Kingdom,K02000001,10625,4058468,799,118195,364865,12412,,15940972,558577,
2021-02-15,United Kingdom,K02000001,9765,4047843,230,117396,275956,6535,,15576107,546165,
2021-02-14,United Kingdom,K02000001,10972,4038078,258,117166,237962,1915,,15300151,539630,
2021-02-13,United Kingdom,K02000001,13308,4027106,621,116908,505362,2846,,15062189,537715,
2021-02-12,United Kingdom,K02000001,15144,4013799,758,116287,544603,4775,,14556827,534869,
2021-02-11,United Kingdom,K02000001,13494,3998655,678,115529,503116,5647,,14012224,530094,
2021-02-10,United Kingdom,K02000001,13013,3985161,1001,114851,450810,4894,,13509108,524447,
2021-02-09,United Kingdom,K02000001,12364,3972148,1052,113850,411812,3161,,13058298,519553,
2021-02-08,United Kingdom,K02000001,14104,3959784,333,112798,352480,3811,,12646486,516392,
2021-02-07,United Kingdom,K02000001,15845,3945680,373,112465,278988,862,,12294006,512581,
2021-02-06,United Kingdom,K02000001,18262,3929835,828,112092,549808,1662,,12015018,511719,
2021-02-05,United Kingdom,K02000001,19114,3911573,1014,111264,494163,4064,,11465210,510057,
2021-02-04,United Kingdom,K02000001,20634,3892459,915,110250,480560,4036,,10971047,505993,
2021-02-03,United Kingdom,K02000001,19202,3871825,1322,109335,469016,2995,,10490487,501957,
2021-02-02,United Kingdom,K02000001,16840,3852623,1449,108013,374756,2166,,10021471,498962,
2021-02-01,United Kingdom,K02000001,18607,3835783,406,106564,350348,2587,,9646715,496796,
2021-01-31,United Kingdom,K02000001,21088,3817176,587,106158,319038,3156,,9296367,494209,
2021-01-30,United Kingdom,K02000001,23275,3796088,1200,105571,598389,10621,,8977329,491053,
2021-01-29,United Kingdom,K02000001,29079,3772813,1245,104371,487756,2178,,8378940,480432,
2021-01-28,United Kingdom,K02000001,28680,3743734,1239,103126,414419,1769,,7891184,478254,
2021-01-27,United Kingdom,K02000001,25308,3715054,1725,101887,312378,2329,,7476765,476485,
2021-01-26,United Kingdom,K02000001,20089,3689746,1631,100162,311060,1710,,7164387,474156,
2021-01-25,United Kingdom,K02000001,22195,3669658,592,98531,279757,1968,,6853327,472446,
2021-01-24,United Kingdom,K02000001,30004,3647463,610,97939,220249,818,,6573570,470478,
2021-01-23,United Kingdom,K02000001,33552,3617459,1348,97329,491970,1043,,6353321,469660,
2021-01-22,United Kingdom,K02000001,40261,3583907,1401,95981,478248,1821,,5861351,468617,
2021-01-21,United Kingdom,K02000001,37892,3543646,1290,94580,409855,2760,,5383103,466796,
2021-01-20,United Kingdom,K02000001,38905,3505754,1820,93290,363508,3411,,4973248,464036,
2021-01-19,United Kingdom,K02000001,33355,3466849,1610,91470,343163,3759,,4609740,460625,
2021-01-18,United Kingdom,K02000001,37535,3433494,599,89860,204076,4565,,4266577,456866,
2021-01-17,United Kingdom,K02000001,38598,3395959,671,89261,190107,2239,,4062501,452301,
2021-01-16,United Kingdom,K02000001,41346,3357361,1295,88590,296131,2620,,3872394,450062,
2021-01-15,United Kingdom,K02000001,55761,3316019,1280,87295,341317,4208,,3576263,447442,
2021-01-14,United Kingdom,K02000001,48682,3260258,1248,86015,316694,5257,,3234946,443234,
2021-01-13,United Kingdom,K02000001,47525,3211576,1564,84767,278943,9745,,2918252,437977,
2021-01-12,United Kingdom,K02000001,45533,3164051,1243,83203,207661,16065,,2639309,428232,
2021-01-11,United Kingdom,K02000001,46169,3118518,529,81960,145076,20768,,2431648,412167,
2021-01-10,United Kingdom,K02000001,54940,3072349,563,81431,,,,2286572,391399,
2021-01-09,United Kingdom,K02000001,59937,3017409,1035,80868,,,,,,
2021-01-08,United Kingdom,K02000001,68053,2957472,1325,79833,,,,,,
2021-01-07,United Kingdom,K02000001,52618,2889419,1162,78508,,,,,,
2021-01-06,United Kingdom,K02000001,62322,2836801,1041,77346,,,,,,
2021-01-05,United Kingdom,K02000001,60916,2774479,830,76305,,,,,,
2021-01-04,United Kingdom,K02000001,58784,2713563,407,75475,,,,,,
2021-01-03,United Kingdom,K02000001,54990,2654779,455,75068,,,,,,
2021-01-02,United Kingdom,K02000001,57725,2599789,445,74613,,,,,,
2021-01-01,United Kingdom,K02000001,53285,2542065,656,74168,,,,,,
2020-12-31,United Kingdom,K02000001,55892,2488780,964,73512,,,,,,
2020-12-30,United Kingdom,K02000001,50023,2432888,981,72548,,,,,,
2020-12-29,United Kingdom,K02000001,53135,2382865,414,71567,,,,,,
2020-12-28,United Kingdom,K02000001,41385,2329730,357,71153,,,,,,
2020-12-27,United Kingdom,K02000001,30501,2288345,317,70796,,,,,,
2020-12-26,United Kingdom,K02000001,35691,2257844,230,70479,,,,,,
2020-12-25,United Kingdom,K02000001,32725,2222153,613,70249,,,,,,
2020-12-24,United Kingdom,K02000001,39877,2189428,585,69636,,,,,,
2020-12-23,United Kingdom,K02000001,39237,2149551,744,69051,,,,,,
2020-12-22,United Kingdom,K02000001,36804,2110314,691,68307,,,,,,
2020-12-21,United Kingdom,K02000001,33364,2073511,215,67616,,,,,,
2020-12-20,United Kingdom,K02000001,35928,2040147,326,67401,,,,,,
2020-12-19,United Kingdom,K02000001,27052,2004219,534,67075,,,,,,
2020-12-18,United Kingdom,K02000001,28507,1977167,489,66541,,,,,,
2020-12-17,United Kingdom,K02000001,35383,1948660,532,66052,,,,,,
2020-12-16,United Kingdom,K02000001,25161,1913277,613,65520,,,,,,
2020-12-15,United Kingdom,K02000001,18450,1888116,506,64908,,,,,,
2020-12-14,United Kingdom,K02000001,20263,1869666,232,64402,,,,,,
2020-12-13,United Kingdom,K02000001,18447,1849403,144,64170,,,,,,
2020-12-12,United Kingdom,K02000001,21502,1830956,519,64026,,,,,,
2020-12-11,United Kingdom,K02000001,21672,1809455,424,63506,,,,,,
2020-12-10,United Kingdom,K02000001,20964,1787783,516,63082,,,,,,
2020-12-09,United Kingdom,K02000001,16578,1766819,533,62566,,,,,,
2020-12-08,United Kingdom,K02000001,12282,1750241,616,62033,,,,,,
2020-12-07,United Kingdom,K02000001,14718,1737960,189,61434,,,,,,
2020-12-06,United Kingdom,K02000001,17272,1723242,231,61245,,,,,,
2020-12-05,United Kingdom,K02000001,15539,1705971,397,61014,,,,,,
2020-12-04,United Kingdom,K02000001,16298,1690432,504,60617,,,,,,
2020-12-03,United Kingdom,K02000001,14879,1674134,414,60113,,,,,,
2020-12-02,United Kingdom,K02000001,16170,1659256,648,59699,,,,,,
2020-12-01,United Kingdom,K02000001,13430,1643086,603,59051,,,,,,
2020-11-30,United Kingdom,K02000001,12330,1629657,205,58448,,,,,,
2020-11-29,United Kingdom,K02000001,12155,1617327,215,58245,,,,,,
2020-11-28,United Kingdom,K02000001,15871,1605172,479,58030,,,,,,
2020-11-27,United Kingdom,K02000001,16022,1589301,521,57551,,,,,,
2020-11-26,United Kingdom,K02000001,17555,1574562,498,57031,,,,,,
2020-11-25,United Kingdom,K02000001,18213,1557007,696,56533,,,,,,
2020-11-24,United Kingdom,K02000001,11299,1538794,608,55838,,,,,,
2020-11-23,United Kingdom,K02000001,15450,1527495,206,55230,,,,,,
2020-11-22,United Kingdom,K02000001,18662,1512045,398,55024,,,,,,
2020-11-21,United Kingdom,K02000001,19875,1493383,341,54626,,,,,,
2020-11-20,United Kingdom,K02000001,20252,1473508,511,54286,,,,,,
2020-11-19,United Kingdom,K02000001,22915,1453256,501,53775,,,,,,
2020-11-18,United Kingdom,K02000001,19609,1430341,529,53274,,,,,,
2020-11-17,United Kingdom,K02000001,20051,1410732,598,52745,,,,,,
2020-11-16,United Kingdom,K02000001,21363,1390681,213,52147,,,,,,
2020-11-15,United Kingdom,K02000001,24962,1369318,168,51934,,,,,,
2020-11-14,United Kingdom,K02000001,26860,1344356,462,51766,,,,,,
2020-11-13,United Kingdom,K02000001,27301,1317496,376,51304,,,,,,
2020-11-12,United Kingdom,K02000001,33470,1290195,563,50928,,,,,,
2020-11-11,United Kingdom,K02000001,22950,1256725,595,50365,,,,,,
2020-11-10,United Kingdom,K02000001,20412,1233775,532,49770,,,,,,
2020-11-09,United Kingdom,K02000001,21350,1213363,194,49238,,,,,,
2020-11-08,United Kingdom,K02000001,20572,1192013,156,49044,,,,,,
2020-11-07,United Kingdom,K02000001,24957,1171441,413,48888,,,,,,
2020-11-06,United Kingdom,K02000001,23287,1146484,355,48475,,,,,,
2020-11-05,United Kingdom,K02000001,24141,1123197,378,48120,,,,,,
2020-11-04,United Kingdom,K02000001,25177,1099059,492,47742,,,,,,
2020-11-03,United Kingdom,K02000001,20018,1073882,397,47250,,,,,,
2020-11-02,United Kingdom,K02000001,18950,1053864,136,46853,,,,,,
2020-11-01,United Kingdom,K02000001,23254,1034914,162,46717,,,,,,
2020-10-31,United Kingdom,K02000001,21915,1011660,326,46555,,,,,,
2020-10-30,United Kingdom,K02000001,24405,989745,274,46229,,,,,,
2020-10-29,United Kingdom,K02000001,23065,965340,280,45955,,,,,,
2020-10-28,United Kingdom,K02000001,24701,942275,310,45675,,,,,,
2020-10-27,United Kingdom,K02000001,22885,917575,367,45365,,,,,,
2020-10-26,United Kingdom,K02000001,20890,894690,102,44998,,,,,,
2020-10-25,United Kingdom,K02000001,19790,873800,151,44896,,,,,,
2020-10-24,United Kingdom,K02000001,23012,854010,174,44745,,,,,,
2020-10-23,United Kingdom,K02000001,20530,830998,224,44571,,,,,,
2020-10-22,United Kingdom,K02000001,21242,810467,189,44347,,,,,,
2020-10-21,United Kingdom,K02000001,26688,789229,191,44158,,,,,,
2020-10-20,United Kingdom,K02000001,21331,762542,241,43967,,,,,,
2020-10-19,United Kingdom,K02000001,18804,741212,80,43726,,,,,,
2020-10-18,United Kingdom,K02000001,16982,722409,67,43646,,,,,,
2020-10-17,United Kingdom,K02000001,16171,705428,150,43579,,,,,,
2020-10-16,United Kingdom,K02000001,15650,689257,136,43429,,,,,,
2020-10-15,United Kingdom,K02000001,18980,673622,138,43293,,,,,,
2020-10-14,United Kingdom,K02000001,19724,654644,137,43155,,,,,,
2020-10-13,United Kingdom,K02000001,17234,634920,143,43018,,,,,,
2020-10-12,United Kingdom,K02000001,13972,617688,50,42875,,,,,,
2020-10-11,United Kingdom,K02000001,12872,603716,65,42825,,,,,,
2020-10-10,United Kingdom,K02000001,15166,590844,81,42760,,,,,,
2020-10-09,United Kingdom,K02000001,13864,575679,87,42679,,,,,,
2020-10-08,United Kingdom,K02000001,17540,561815,77,42592,,,,,,
2020-10-07,United Kingdom,K02000001,14162,544275,70,42515,,,,,,
2020-10-06,United Kingdom,K02000001,14542,530113,76,42445,,,,,,
2020-10-05,United Kingdom,K02000001,12594,515571,19,42369,,,,,,
2020-10-04,United Kingdom,K02000001,22961,502978,33,42350,,,,,,
2020-10-03,United Kingdom,K02000001,12872,480017,49,42317,,,,,,
2020-10-02,United Kingdom,K02000001,6968,467146,66,42268,,,,,,
2020-10-01,United Kingdom,K02000001,6914,460178,59,42202,,,,,,
2020-09-30,United Kingdom,K02000001,7108,453264,71,42143,,,,,,
2020-09-29,United Kingdom,K02000001,7143,446156,71,42072,,,,,,
2020-09-28,United Kingdom,K02000001,4044,439013,13,42001,,,,,,
2020-09-27,United Kingdom,K02000001,5693,434969,17,41988,,,,,,
2020-09-26,United Kingdom,K02000001,6042,429277,34,41971,,,,,,
2020-09-25,United Kingdom,K02000001,6874,423236,35,41937,,,,,,
2020-09-24,United Kingdom,K02000001,6634,416363,40,41902,,,,,,
2020-09-23,United Kingdom,K02000001,6178,409729,37,41862,,,,,,
2020-09-22,United Kingdom,K02000001,4926,403551,37,41825,,,,,,
2020-09-21,United Kingdom,K02000001,4368,398625,11,41788,,,,,,
2020-09-20,United Kingdom,K02000001,3899,394257,18,41777,,,,,,
2020-09-19,United Kingdom,K02000001,4422,390358,27,41759,,,,,,
2020-09-18,United Kingdom,K02000001,4322,385936,27,41732,,,,,,
2020-09-17,United Kingdom,K02000001,3395,381614,21,41705,,,,,,
2020-09-16,United Kingdom,K02000001,3991,378219,20,41684,,,,,,
2020-09-15,United Kingdom,K02000001,3105,374228,27,41664,,,,,,
2020-09-14,United Kingdom,K02000001,2621,371125,9,41637,,,,,,
2020-09-13,United Kingdom,K02000001,3330,368504,5,41628,,,,,,
2020-09-12,United Kingdom,K02000001,3497,365174,9,41623,,,,,,
2020-09-11,United Kingdom,K02000001,3539,361677,6,41614,,,,,,
2020-09-10,United Kingdom,K02000001,2919,358138,14,41608,,,,,,
2020-09-09,United Kingdom,K02000001,2659,355219,8,41594,,,,,,
2020-09-08,United Kingdom,K02000001,2460,352560,32,41586,,,,,,
2020-09-07,United Kingdom,K02000001,2948,350100,3,41554,,,,,,
2020-09-06,United Kingdom,K02000001,2988,347152,2,41551,,,,,,
2020-09-05,United Kingdom,K02000001,1813,344164,12,41549,,,,,,
2020-09-04,United Kingdom,K02000001,1940,342351,10,41537,,,,,,
2020-09-03,United Kingdom,K02000001,1735,340411,13,41527,,,,,,
2020-09-02,United Kingdom,K02000001,1508,338676,10,41514,,,,,,
2020-09-01,United Kingdom,K02000001,1295,337168,3,41504,,,,,,
2020-08-31,United Kingdom,K02000001,1406,335873,2,41501,,,,,,
2020-08-30,United Kingdom,K02000001,1715,334467,1,41499,,,,,,
2020-08-29,United Kingdom,K02000001,1108,332752,12,41498,,,,,,
2020-08-28,United Kingdom,K02000001,1276,331644,9,41486,,,,,,
2020-08-27,United Kingdom,K02000001,1522,330368,12,41477,,,,,,
2020-08-26,United Kingdom,K02000001,1048,328846,16,41465,,,,,,
2020-08-25,United Kingdom,K02000001,1184,327798,16,41449,,,,,,
2020-08-24,United Kingdom,K02000001,853,326614,4,41433,,,,,,
2020-08-23,United Kingdom,K02000001,1160,325761,6,41429,,,,,,
2020-08-22,United Kingdom,K02000001,1288,324601,18,41423,,,,,,
2020-08-21,United Kingdom,K02000001,1033,323313,2,41405,,,,,,
2020-08-20,United Kingdom,K02000001,1182,322280,6,41403,,,,,,
2020-08-19,United Kingdom,K02000001,812,321098,16,41397,,,,,,
2020-08-18,United Kingdom,K02000001,1089,320286,12,41381,,,,,,
2020-08-17,United Kingdom,K02000001,713,319197,3,41369,,,,,,
2020-08-16,United Kingdom,K02000001,1040,318484,5,41366,,,,,,
2020-08-15,United Kingdom,K02000001,1077,317444,3,41361,,,,,,
2020-08-14,United Kingdom,K02000001,1441,316367,11,41358,,,,,,
2020-08-13,United Kingdom,K02000001,1129,314927,18,41347,,,,,,
2020-08-12,United Kingdom,K02000001,1009,313798,20,41329,,,,,,
2020-08-11,United Kingdom,K02000001,1148,312789,13,41309,,,,,,
2020-08-10,United Kingdom,K02000001,740,311641,18,41296,,,,,,
2020-08-09,United Kingdom,K02000001,1062,310825,5,41278,,,,,,
2020-08-08,United Kingdom,K02000001,758,309763,3,41273,,,,,,
2020-08-07,United Kingdom,K02000001,871,309005,12,41270,,,,,,
2020-08-06,United Kingdom,K02000001,950,308134,18,41258,,,,,,
2020-08-05,United Kingdom,K02000001,892,307184,14,41240,,,,,,
2020-08-04,United Kingdom,K02000001,670,306293,18,41226,,,,,,
2020-08-03,United Kingdom,K02000001,898,305623,1,41208,,,,,,
2020-08-02,United Kingdom,K02000001,744,304685,5,41207,,,,,,
2020-08-01,United Kingdom,K02000001,761,303942,13,41202,,,,,,
2020-07-31,United Kingdom,K02000001,880,303181,20,41189,,,,,,
2020-07-30,United Kingdom,K02000001,846,302301,0,41169,,,,,,
2020-07-29,United Kingdom,K02000001,763,301455,34,41169,,,,,,
2020-07-28,United Kingdom,K02000001,581,300692,21,41135,,,,,,
2020-07-27,United Kingdom,K02000001,685,300111,3,41114,,,,,,
2020-07-26,United Kingdom,K02000001,745,299426,8,41111,,,,,,
2020-07-25,United Kingdom,K02000001,767,298681,15,41103,,,,,,
2020-07-24,United Kingdom,K02000001,768,297914,32,41088,,,,,,
2020-07-23,United Kingdom,K02000001,769,297146,9,41056,,,,,,
2020-07-22,United Kingdom,K02000001,560,296377,17,41047,,,,,,
2020-07-21,United Kingdom,K02000001,445,295817,25,41030,,,,,,
2020-07-20,United Kingdom,K02000001,557,295372,10,41005,,,,,,
2020-07-19,United Kingdom,K02000001,726,294792,11,40995,,,,,,
2020-07-18,United Kingdom,K02000001,827,294066,9,40984,,,,,,
2020-07-17,United Kingdom,K02000001,687,293239,26,40975,,,,,,
2020-07-16,United Kingdom,K02000001,642,292552,24,40949,,,,,,
2020-07-15,United Kingdom,K02000001,538,291911,26,40925,,,,,,
2020-07-14,United Kingdom,K02000001,398,291373,44,40899,,,,,,
2020-07-13,United Kingdom,K02000001,530,290133,10,40855,,,,,,
2020-07-12,United Kingdom,K02000001,650,289603,9,40845,,,,,,
2020-07-11,United Kingdom,K02000001,820,288953,17,40836,,,,,,
2020-07-10,United Kingdom,K02000001,512,288133,34,40819,,,,,,
2020-07-09,United Kingdom,K02000001,642,287621,31,40785,,,,,,
2020-07-08,United Kingdom,K02000001,630,286979,57,40754,,,,,,
2020-07-07,United Kingdom,K02000001,581,286349,54,40697,,,,,,
2020-07-06,United Kingdom,K02000001,343,285768,11,40643,,,,,,
2020-07-05,United Kingdom,K02000001,516,285416,19,40632,,,,,,
2020-07-04,United Kingdom,K02000001,624,284900,32,40613,,,,,,
2020-07-03,United Kingdom,K02000001,544,284276,50,40581,,,,,,
2020-07-02,United Kingdom,K02000001,576,283757,41,40532,,,,,,
2020-07-01,United Kingdom,K02000001,829,313483,97,40491,,,,,,
2020-06-30,United Kingdom,K02000001,689,312654,53,40394,,,,,,
2020-06-29,United Kingdom,K02000001,815,311965,21,40341,,,,,,
2020-06-28,United Kingdom,K02000001,901,311151,31,40320,,,,,,
2020-06-27,United Kingdom,K02000001,890,310250,40,40289,,,,,,
2020-06-26,United Kingdom,K02000001,1006,309360,79,40249,,,,,,
2020-06-25,United Kingdom,K02000001,1118,307980,99,40172,,,,,,
2020-06-24,United Kingdom,K02000001,653,306862,87,40073,,,,,,
2020-06-23,United Kingdom,K02000001,874,306210,94,39986,,,,,,
2020-06-22,United Kingdom,K02000001,958,305289,14,39892,,,,,,
2020-06-21,United Kingdom,K02000001,1221,304331,31,39878,,,,,,
2020-06-20,United Kingdom,K02000001,1295,303110,71,39847,,,,,,
2020-06-19,United Kingdom,K02000001,1346,301815,84,39776,,,,,,
2020-06-18,United Kingdom,K02000001,1218,300469,67,39692,,,,,,
2020-06-17,United Kingdom,K02000001,1115,299251,110,39625,,,,,,
2020-06-16,United Kingdom,K02000001,1279,298136,120,39515,,,,,,
2020-06-15,United Kingdom,K02000001,1056,296857,29,39395,,,,,,
2020-06-14,United Kingdom,K02000001,1514,295889,27,39366,,,,,,
2020-06-13,United Kingdom,K02000001,1425,294375,107,39339,,,,,,
2020-06-12,United Kingdom,K02000001,1541,292950,131,39232,,,,,,
2020-06-11,United Kingdom,K02000001,1266,291409,76,39101,,,,,,
2020-06-10,United Kingdom,K02000001,1003,290143,164,39025,,,,,,
2020-06-09,United Kingdom,K02000001,1387,289140,195,38861,,,,,,
2020-06-08,United Kingdom,K02000001,1205,287399,47,38666,,,,,,
2020-06-07,United Kingdom,K02000001,1326,286194,54,38619,,,,,,
2020-06-06,United Kingdom,K02000001,1557,284868,143,38565,,,,,,
2020-06-05,United Kingdom,K02000001,1650,283311,258,38422,,,,,,
2020-06-04,United Kingdom,K02000001,1805,281661,130,38164,,,,,,
2020-06-03,United Kingdom,K02000001,1871,279856,254,38034,,,,,,
2020-06-02,United Kingdom,K02000001,1613,277985,249,37780,,,,,,
2020-06-01,United Kingdom,K02000001,1570,276332,86,37531,,,,,,
2020-05-31,United Kingdom,K02000001,1936,274762,60,37445,,,,,,
2020-05-30,United Kingdom,K02000001,2445,272826,154,37385,,,,,,
2020-05-29,United Kingdom,K02000001,2095,271222,274,37231,,,,,,
2020-05-28,United Kingdom,K02000001,1887,269127,343,36957,,,,,,
2020-05-27,United Kingdom,K02000001,2013,267240,422,36614,,,,,,
2020-05-26,United Kingdom,K02000001,2004,265227,131,36192,,,,,,
2020-05-25,United Kingdom,K02000001,1625,261184,104,36061,,,,,,
2020-05-24,United Kingdom,K02000001,2409,259559,379,35957,,,,,,
2020-05-23,United Kingdom,K02000001,2959,257154,220,35578,,,,,,
2020-05-22,United Kingdom,K02000001,3287,254195,291,35358,,,,,,
2020-05-21,United Kingdom,K02000001,2615,250908,273,35067,,,,,,
2020-05-20,United Kingdom,K02000001,2472,248293,328,34794,,,,,,
2020-05-19,United Kingdom,K02000001,2412,248818,500,34466,,,,,,
2020-05-18,United Kingdom,K02000001,2684,246406,146,33966,,,,,,
2020-05-17,United Kingdom,K02000001,3562,243723,67,33820,,,,,,
2020-05-16,United Kingdom,K02000001,3451,240161,411,33753,,,,,,
2020-05-15,United Kingdom,K02000001,3560,236711,350,33342,,,,,,
2020-05-14,United Kingdom,K02000001,3446,233151,352,32992,,,,,,
2020-05-13,United Kingdom,K02000001,3242,229705,447,32640,,,,,,
2020-05-12,United Kingdom,K02000001,3403,226463,614,32193,,,,,,
2020-05-11,United Kingdom,K02000001,3877,223060,187,31579,,,,,,
2020-05-10,United Kingdom,K02000001,3923,219183,217,31392,,,,,,
2020-05-09,United Kingdom,K02000001,3896,215260,275,31175,,,,,,
2020-05-08,United Kingdom,K02000001,4649,211364,579,30900,,,,,,
2020-05-07,United Kingdom,K02000001,5614,206715,458,30321,,,,,,
2020-05-06,United Kingdom,K02000001,6111,201101,647,29863,,,,,,
2020-05-05,United Kingdom,K02000001,4406,194990,726,29216,,,,,,
2020-05-04,United Kingdom,K02000001,3985,190584,272,28490,,,,,,
2020-05-03,United Kingdom,K02000001,4339,186599,253,28218,,,,,,
2020-05-02,United Kingdom,K02000001,4806,182260,584,27965,,,,,,
2020-05-01,United Kingdom,K02000001,6201,177454,698,27381,,,,,,
2020-04-30,United Kingdom,K02000001,6032,171253,634,26683,,,,,,
2020-04-29,United Kingdom,K02000001,4076,165221,769,26049,,,,,,
2020-04-28,United Kingdom,K02000001,3996,161145,969,25280,,,,,,
2020-04-27,United Kingdom,K02000001,4310,157149,320,24311,,,,,,
2020-04-26,United Kingdom,K02000001,4463,152840,364,23991,,,,,,
2020-04-25,United Kingdom,K02000001,4913,148377,815,23627,,,,,,
2020-04-24,United Kingdom,K02000001,5386,143464,1010,22812,,,,,,
2020-04-23,United Kingdom,K02000001,4583,138078,682,21802,,,,,,
2020-04-22,United Kingdom,K02000001,4451,133495,847,21120,,,,,,
2020-04-21,United Kingdom,K02000001,4301,129044,1224,20273,,,,,,
2020-04-20,United Kingdom,K02000001,4676,124743,570,19049,,,,,,
2020-04-19,United Kingdom,K02000001,5850,120067,432,18479,,,,,,
2020-04-18,United Kingdom,K02000001,5526,114217,1105,18047,,,,,,
2020-04-17,United Kingdom,K02000001,5599,108692,913,16942,,,,,,
2020-04-16,United Kingdom,K02000001,4618,103093,1036,16029,,,,,,
2020-04-15,United Kingdom,K02000001,4605,98476,880,14993,,,,,,
2020-04-14,United Kingdom,K02000001,5252,93873,1076,14113,,,,,,
2020-04-13,United Kingdom,K02000001,4342,88621,724,13037,,,,,,
2020-04-12,United Kingdom,K02000001,5288,84279,657,12313,,,,,,
2020-04-11,United Kingdom,K02000001,5234,78991,843,11656,,,,,,
2020-04-10,United Kingdom,K02000001,5706,73758,1122,10813,,,,,,
2020-04-09,United Kingdom,K02000001,4675,68052,1116,9691,,,,,,
2020-04-08,United Kingdom,K02000001,5865,63377,1030,8575,,,,,,
2020-04-07,United Kingdom,K02000001,3888,57512,1105,7545,,,,,,
2020-04-06,United Kingdom,K02000001,4143,53624,567,6440,,,,,,
2020-04-05,United Kingdom,K02000001,6199,49481,599,5873,,,,,,
2020-04-04,United Kingdom,K02000001,4000,43282,756,5274,,,,,,
2020-04-03,United Kingdom,K02000001,4672,39282,736,4518,,,,,,
2020-04-02,United Kingdom,K02000001,4522,34610,657,3782,,,,,,
2020-04-01,United Kingdom,K02000001,4567,30088,672,3125,,,,,,
2020-03-31,United Kingdom,K02000001,3250,25521,403,2453,,,,,,
2020-03-30,United Kingdom,K02000001,2665,22271,374,2050,,,,,,
2020-03-29,United Kingdom,K02000001,2502,19606,212,1676,,,,,,
2020-03-28,United Kingdom,K02000001,2556,17104,292,1464,,,,,,
2020-03-27,United Kingdom,K02000001,2890,14548,288,1172,,,,,,
2020-03-26,United Kingdom,K02000001,2129,11658,181,884,,,,,,
2020-03-25,United Kingdom,K02000001,1452,9529,191,703,,,,,,
2020-03-24,United Kingdom,K02000001,1427,8077,148,512,,,,,,
2020-03-23,United Kingdom,K02000001,967,6650,76,364,,,,,,
2020-03-22,United Kingdom,K02000001,665,5683,36,288,,,,,,
2020-03-21,United Kingdom,K02000001,1035,5018,58,252,,,,,,
2020-03-20,United Kingdom,K02000001,714,3983,32,194,,,,,,
2020-03-19,United Kingdom,K02000001,643,3269,45,162,,,,,,
2020-03-18,United Kingdom,K02000001,676,2626,34,116,,,,,,
2020-03-17,United Kingdom,K02000001,407,1950,16,82,,,,,,
2020-03-16,United Kingdom,K02000001,152,1543,22,65,,,,,,
2020-03-15,United Kingdom,K02000001,330,1391,14,43,,,,,,
2020-03-14,United Kingdom,K02000001,264,1061,18,29,,,,,,
2020-03-13,United Kingdom,K02000001,207,797,1,10,,,,,,
2020-03-12,United Kingdom,K02000001,134,590,2,9,,,,,,
2020-03-11,United Kingdom,K02000001,83,456,0,7,,,,,,
2020-03-10,United Kingdom,K02000001,52,373,4,7,,,,,,
2020-03-09,United Kingdom,K02000001,50,321,1,3,,,,,,
2020-03-08,United Kingdom,K02000001,65,271,0,2,,,,,,
2020-03-07,United Kingdom,K02000001,46,206,1,2,,,,,,
2020-03-06,United Kingdom,K02000001,46,160,1,1,,,,,,
2020-03-05,United Kingdom,K02000001,29,114,,,,,,,,
2020-03-04,United Kingdom,K02000001,34,85,,,,,,,,
2020-03-03,United Kingdom,K02000001,11,51,,,,,,,,
2020-03-02,United Kingdom,K02000001,5,40,,,,,,,,
2020-03-01,United Kingdom,K02000001,12,35,,,,,,,,
2020-02-29,United Kingdom,K02000001,4,23,,,,,,,,
2020-02-28,United Kingdom,K02000001,6,19,,,,,,,,
2020-02-27,United Kingdom,K02000001,0,13,,,,,,,,
2020-02-26,United Kingdom,K02000001,0,13,,,,,,,,
2020-02-25,United Kingdom,K02000001,0,13,,,,,,,,
2020-02-24,United Kingdom,K02000001,4,13,,,,,,,,
2020-02-23,United Kingdom,K02000001,0,9,,,,,,,,
2020-02-22,United Kingdom,K02000001,0,9,,,,,,,,
2020-02-21,United Kingdom,K02000001,0,9,,,,,,,,
2020-02-20,United Kingdom,K02000001,0,9,,,,,,,,
2020-02-19,United Kingdom,K02000001,0,9,,,,,,,,
2020-02-18,United Kingdom,K02000001,0,9,,,,,,,,
2020-02-17,United Kingdom,K02000001,0,9,,,,,,,,
2020-02-16,United Kingdom,K02000001,0,9,,,,,,,,
2020-02-15,United Kingdom,K02000001,0,9,,,,,,,,
2020-02-14,United Kingdom,K02000001,0,9,,,,,,,,
2020-02-13,United Kingdom,K02000001,1,9,,,,,,,,
2020-02-12,United Kingdom,K02000001,0,8,,,,,,,,
2020-02-11,United Kingdom,K02000001,0,8,,,,,,,,
2020-02-10,United Kingdom,K02000001,4,8,,,,,,,,
2020-02-09,United Kingdom,K02000001,1,4,,,,,,,,
2020-02-08,United Kingdom,K02000001,0,3,,,,,,,,
2020-02-07,United Kingdom,K02000001,0,3,,,,,,,,
2020-02-06,United Kingdom,K02000001,1,3,,,,,,,,
2020-02-05,United Kingdom,K02000001,0,2,,,,,,,,
2020-02-04,United Kingdom,K02000001,0,2,,,,,,,,
2020-02-03,United Kingdom,K02000001,0,2,,,,,,,,
2020-02-02,United Kingdom,K02000001,0,2,,,,,,,,
2020-02-01,United Kingdom,K02000001,0,2,,,,,,,,
2020-01-31,United Kingdom,K02000001,2,2,,,,,,,,
